<?xml version="1.0" encoding="UTF-8"?>
<?xml-stylesheet type="text/xsl" href="MeasDataCollection.xsl"?>
  <measCollecFile xmlns="http://www.3gpp.org/ftp/specs/archive/32_series/32.435#measCollec">
    <fileHeader fileFormatVersion="32.435 V7.0" vendorName="China Telecom">
      <measCollec beginTime="2025-04-30T11:00:00+08:00"></measCollec>
    </fileHeader>
    <measData>
      <managedElement userLabel="CTC-UPF"></managedElement>
      <measInfo measInfoId="DNN">
        <granPeriod duration="PT300S" endTime="2025-04-30T11:05:00+08:00"></granPeriod>
        <repPeriod duration="PT300S"></repPeriod>
        <measTypes>基于DNN/APN的N9接口发送的GTP报文峰值包速率 基于DNN/APN的N3接口接收ipv6报文千字节数 基于DNN/APN的N4接口接收的PFCP会话更新请求消息数 基于DNN/APN的N4接口PFCP-IPv6会话建立次数 基于DNN/APN的N6接口接收的报文峰值千字节速率 基于DNN/APN的S5/S8接口丢弃报文千字节数 用户平面基于DNN/APN的会话总在线时长 基于DNN/APN的S1-U接口接收ipv4报文千字节数 基于DNN/APN的S1-U接口接收ipv6报文包数 基于DNN/APN的SGI接口发送的报文峰值千字节速率 基于DNN/APN的ipv6平均会话数目 基于DNN/APN的N3接口报文接收千字节速率 基于DNN/APN的PDU-Session建立成功率 基于DNN/APN的N3接口丢弃报文千字节数 基于DNN/APN的N9接口接收ipv6报文包数 基于DNN/APN的N3接口发送ipv4报文包数 基于DNN/APN的S5/S8接口接收ipv4报文包数 基于DNN/APN的S5/S8接口丢弃报文包总数 基于DNN/APN的N4接口发送的PFCP会话更新响应成功消息数 基于DNN/APN的N6接口发送的IPv4报文峰值包速率 基于DNN/APN的SGI接口接收的报文包数 基于DNN/APN的PDU-Session修改成功率 基于DNN/APN的用户平面丢弃报文包总数 基于DNN/APN的N6接口发送的报文千字节数 基于DNN/APN的N3接口接收ipv4报文包数 基于DNN/APN的N4接口接收的PFCP会话释放请求速率 基于DNN/APN的N4接口PFCP条件IE缺失次数 基于DNN/APN的N4接口PFCP规则创建/修改失败次数 基于DNN/APN的N6接口发送的IPv6报文峰值包速率 基于DNN/APN的N9接口接收ipv6报文千字节数 基于DNN/APN的SGI接口接收的IPv6报文千字节数 基于DNN/APN的N3接口报文发送千字节速率 基于DNN/APN的N3接口接收的GTP报文包数 基于DNN/APN的N9接口接收ipv4报文包数 基于DNN/APN的N9接口接收的GTP报文峰值千字节速率 基于DNN/APN的ipv4平均会话数目 基于DNN/APN的用户平面发送下行峰值千字节速率 基于DNN/APN的N9接口发送的GTP报文包数 基于DNN/APN的N9接口发送的GTP报文千字节数 基于DNN/APN的S5/S8接口接收ipv4报文千字节数 基于DNN/APN的N4接口PFCP用量上报次数 基于DNN/APN的N4接口PFCP-会话消息系统失败次数 基于DNN/APN的N4接口PFCP-IPv4会话建立次数 基于DNN/APN的S1-U接口发送的GTP报文峰值包速率 基于DNN/APN的用户平面丢弃报文千字节数 基于DNN/APN的S1-U接口接收的GTP报文峰值包速率 基于DNN/APN的下行丢弃报文数 基于DNN/APN的N6接口丢弃报文包总数 基于DNN/APN的S1-U接口发送ipv4报文千字节数 基于DNN/APN的用户平面峰值吞吐量 基于DNN/APN的N3接口丢弃报文包总数 基于DNN/APN的N6接口接收的IPv4报文千字节数 用户平面基于DNN/APN的最大的会话数目 基于DNN/APN的用户平面接收下行峰值包速率 基于DNN/APN的上行丢弃IPv6报文数 基于DNN/APN的N6接口发送的IPv6报文千字节数 基于DNN/APN的N6接口发送的IPv4报文千字节数 基于DNN/APN的S5/S8接口接收的GTP报文包数 基于DNN/APN的用户平面发送下行包数 基于DNN/APN的N3接口接收的GTP报文峰值千字节速率 基于DNN/APN的N4接口发送的PFCP会话释放响应消息数 基于DNN/APN的N4接口接收的PFCP会话建立请求速率 基于DNN/APN的S5/S8接口发送ipv4报文千字节数 基于DNN/APN的N4接口PFCP上下文资源耗尽次数 基于DNN/APN的N6接口发送的报文峰值包速率 基于DNN/APN的N9接口报文接收千字节速率 基于DNN/APN的N4接口接收的PFCP会话建立请求消息数 基于DNN/APN的N4接口PFCP请求接受次数 基于DNN/APN的N6接口发送的IPv6报文包数 基于DNN/APN的N6接口发送的IPv4报文包数 基于DNN/APN的N6接口接收的IPv4报文峰值包速率 基于DNN/APN的N4接口发送的PFCP会话释放成功率 基于DNN/APN的N4接口PFCP未知原因的请求拒绝次数 基于DNN/APN的SGI接口发送的IPv6报文峰值千字节速率 基于DNN/APN的SGI接口丢弃报文千字节数 用户平面基于DNN/APN的平均会话数目 基于DNN/APN的N3接口发送ipv6报文千字节数 基于DNN/APN的N3接口接收的GTP报文峰值包速率 基于DNN/APN的N4接口接收的PFCP会话报告确认消息数 基于DNN/APN的N4接口发送的重发PFCP会话报告消息数 基于DNN/APN的N3接口发送的GTP报文峰值包速率 基于DNN/APN的N4接口发送的PFCP会话建立响应成功消息数 基于DNN/APN的N4接口PFCP无效的F-TEID分配规则次数 基于DNN/APN的N9接口丢弃报文包总数 基于DNN/APN的S1-U接口发送的GTP报文千字节数 基于DNN/APN的S5/S8接口接收的GTP报文峰值千字节速率 基于DNN/APN的用户平面发送上行千字节数 基于DNN/APN的下行丢弃IPv6报文数 基于DNN/APN的N6接口发送的IPv6报文峰值千字节速率 基于DNN/APN的S1-U接口发送ipv6报文千字节数 用户平面基于DNN/APN在线会话数目 基于DNN/APN的N6接口发送的IPv4报文峰值千字节速率 基于DNN/APN的S5/S8接口接收的GTP报文峰值包速率 基于DNN/APN的SGI接口发送的IPv4报文峰值包速率 基于DNN/APN的用户平面接收上行峰值千字节速率 基于DNN/APN的用户平面发送上行峰值千字节速率 基于DNN/APN的SGI接口发送的IPv6报文峰值包速率 基于DNN/APN的N9接口接收ipv4报文千字节数 基于DNN/APN的N9接口接收的GTP报文包数 基于DNN/APN的S1-U接口发送ipv4报文包数 基于DNN/APN的下行丢弃IPv6报文千字节数 基于DNN/APN的SGI接口报文接收千字节速率 基于DNN/APN的N3接口发送的GTP报文千字节数 基于DNN/APN的S5/S8接口发送ipv6报文包数 基于DNN/APN的N4接口接收的PFCP会话释放请求消息数 基于DNN/APN的N6接口接收的报文峰值包速率 基于DNN/APN的N3接口接收ipv6报文包数 基于DNN/APN的N3接口接收的GTP报文千字节数 基于DNN/APN的N4接口PFCP必选IE缺失次数 基于DNN/APN的N4接口PFCP无效的转发策略次数 基于DNN/APN的N9接口发送ipv4报文包数 基于DNN/APN的N4接口等待PFCP会话报告响应超时的次数 基于DNN/APN的N6接口接收的IPv6报文千字节数 基于DNN/APN的SGI接口接收的IPv6报文峰值千字节速率 基于DNN/APN的上行丢弃IPv6报文千字节数 基于DNN/APN的N3接口发送的GTP报文包数 基于DNN/APN的N6接口接收的IPv6报文峰值千字节速率 基于DNN/APN的N9接口发送ipv4报文千字节数 基于DNN/APN的S5/S8接口接收的GTP报文千字节数 基于DNN/APN的N4接口PFCP必选IE错误次数 基于DNN/APN的N9接口丢弃报文千字节数 基于DNN/APN的S1-U接口接收的GTP报文千字节数 基于DNN/APN的SGI接口接收的IPv4报文峰值包速率 基于DNN/APN的N9接口发送ipv6报文千字节数 基于DNN/APN的N9接口接收的GTP报文峰值包速率 基于DNN/APN的S5/S8接口发送ipv4报文包数 基于DNN/APN的S5/S8接口发送ipv6报文千字节数 基于DNN/APN的用户平面接收上行峰值包速率 基于DNN/APN的N4接口PFCP-IPv6会话释放次数 基于DNN/APN的N9接口发送ipv6报文包数 基于DNN/APN的用户平面发送下行千字节数 基于DNN/APN的S5/S8接口发送的GTP报文峰值包速率 基于DNN/APN的用户平面发送上行包数 基于DNN/APN的N6接口报文接收千字节速率 DNN/APN的S1-U接口报文接收千字节速率 基于DNN/APN的S5S8接口报文发送千字节速率 基于DNN/APN的N4接口PFCP-UP特性不支持次数 基于DNN/APN的N4接口发送的PFCP会话释放响应成功消息数 基于DNN/APN的N4接口PFCP会话上下文不存在次数 基于DNN/APN的用户平面最大QoS流数目 基于DNN/APN的用户平面发送上行峰值包速率 基于DNN/APN的N4接口发送的PFCP会话报告消息数 基于DNN/APN的N9接口接收的GTP报文千字节数 基于DNN/APN的N4接口PFCP无效IE长度次数 基于DNN/APN的SGI接口发送的IPv4报文包数 基于DNN/APN的用户平面接收下行峰值千字节速率 DNN/APN的S1-U接口报文发送千字节速率 基于DNN/APN的N4接口发送的PFCP会话更新响应失败消息数 基于DNN/APN的N9接口发送的GTP报文峰值千字节速率 基于DNN/APN的S1-U接口接收的GTP报文包数 基于DNN/APN的S1-U接口接收的GTP报文峰值千字节速率 基于DNN/APN的用户平面QoS流数目 基于DNN/APN的用户平面接收下行千字节数 基于DNN/APN的N4接口PFCP消息拥塞次数 基于DNN/APN的N6接口发送的报文包数 基于DNN/APN的SGI接口接收的报文峰值千字节速率 基于DNN/APN的N4接口接收的PFCP会话报告失败确认消息数 基于DNN/APN的SGI接口接收的IPv4报文千字节数 基于DNN/APN的用户平面发送下行峰值包速率 基于DNN/APN的N4接口接收的PFCP会话更新请求速率 基于DNN/APN的N6接口丢弃报文千字节数 基于DNN/APN的S5/S8接口发送的GTP报文峰值千字节速率 基于DNN/APN的N9接口报文发送千字节速率 基于DNN/APN的N4接口发送的PFCP会话释放响应失败消息数 基于DNN/APN的SGI接口发送的报文包数 基于DNN/APN的SGI接口接收的报文峰值包速率 基于DNN/APN的用户平面当前在线IPv6会话数目 基于DNN/APN的下行丢弃报文千字节数 基于DNN/APN的SGI接口接收的IPv6报文包数 基于DNN/APN的用户平面平均吞吐量 基于DNN/APN的N6接口接收的IPv6报文包数 基于DNN/APN的N6接口接收的IPv6报文峰值包速率 基于DNN/APN的SGI接口发送的IPv6报文包数 基于DNN/APN的SGI接口接收的IPv4报文峰值千字节速率 基于DNN/APN的上行丢弃报文数 基于DNN/APN的上行丢弃报文千字节数 基于DNN/APN的N4接口发送的PFCP会话更新成功率 基于DNN/APN的N4接口PFCP-IPv4会话释放次数 基于DNN/APN的S1-U接口接收ipv4报文包数 基于DNN/APN的SGI接口发送的报文峰值包速率 基于DNN/APN的SGI接口丢弃报文包总数 基于DNN/APN的S5/S8接口发送的GTP报文包数 基于DNN/APN的用户平面接收上行包数 基于DNN/APN的用户平面接收上行千字节数 基于DNN/APN的N3接口发送ipv4报文千字节数 基于DNN/APN的N4接口PFCP-ErrInd上报次数 基于DNN/APN的S1-U接口发送ipv6报文包数 基于DNN/APN的S5/S8接口接收ipv6报文包数 基于DNN/APN的N4接口PFCP下行寻呼上报次数 基于DNN/APN的N4接口接收的PFCP会话报告成功确认消息数 基于DNN/APN的N6接口发送的报文峰值千字节速率 基于DNN/APN的SGI接口发送的IPv6报文千字节数 基于DNN/APN的N4接口发送的PFCP会话建立成功率 基于DNN/APN的N3接口接收ipv4报文千字节数 基于DNN/APN的S1-U接口发送的GTP报文峰值千字节速率 基于DNN/APN的SGI接口发送的IPv4报文峰值千字节速率 基于DNN/APN的SGI接口接收的报文千字节数 基于DNN/APN的SGI接口接收的IPv4报文包数 基于DNN/APN的SGI接口发送的IPv4报文千字节数 基于DNN/APN的N3接口发送ipv6报文包数 基于DNN/APN的N3接口发送的GTP报文峰值千字节速率 基于DNN/APN的N6接口接收的IPv4报文峰值千字节速率 基于DNN/APN的S1-U接口发送的GTP报文包数 基于DNN/APN的S1-U接口丢弃报文包总数 基于DNN/APN的S1-U接口丢弃报文千字节数 基于DNN/APN的N6接口接收的IPv4报文包数 基于DNN/APN的S5/S8接口接收ipv6报文千字节数 基于DNN/APN的SGI接口发送的报文千字节数 基于DNN/APN的SGI接口接收的IPv6报文峰值包速率 基于DNN/APN的N6接口报文发送千字节速率 基于DNN/APN的S1-U接口接收ipv6报文千字节数 基于DNN/APN的SGI接口报文发送千字节速率 基于DNN/APN的用户平面接收下行包数 基于DNN/APN的N4接口发送的PFCP会话建立响应失败消息数 基于DNN/APN的N6接口接收的报文包数 基于DNN/APN的N6接口接收的报文千字节数 基于DNN/APN的S5/S8接口发送的GTP报文千字节数 基于DNN/APN的用户平面平均QoS流数目 基于DNN/APN的S5S8接口报文接收千字节速率</measTypes>
        <measTypesUnique>G501503051 G501501042 G501508086 G501508122 G501502058 G501506054 G501509023 G501505038 G501505041 G501507060 G501409005 G501501068 G501509024 G501501054 G501503041 G501501039 G501506037 G501506053 G501508087 G501502075 G501507053 G501509025 G501511061 G501502056 G501501037 G501508098 G501508110 G501508115 G501502067 G501503042 G501507062 G501501067 G501501045 G501503037 G501503050 G501409004 G501511059 G501503047 G501503048 G501506038 G501508104 G501508119 G501508120 G501505051 G501511062 G501505049 G501411005 G501502077 G501505040 G501511044 G501501053 G501502070 G501509021 G501511058 G501411003 G501502064 G501502072 G501506045 G501511047 G501501050 G501508090 G501508097 G501506040 G501508117 G501502059 G501503068 G501508083 G501508106 G501502063 G501502071 G501502073 G501508135 G501508107 G501507068 G501507078 G501509022 G501501044 G501501049 G501508092 G501508100 G501501051 G501508084 G501508114 G501503053 G501505048 G501506050 G501511052 G501411007 G501502068 G501505044 G501409003 G501502076 G501506049 G501507075 G501511053 G501511055 G501507067 G501503038 G501503045 G501505039 G501411008 G501507100 G501501048 G501506043 G501508089 G501502057 G501501041 G501501046 G501508109 G501508113 G501503039 G501508101 G501502062 G501507066 G501411004 G501501047 G501502066 G501503040 G501506046 G501508112 G501503054 G501505046 G501507073 G501503044 G501503049 G501506039 G501506044 G501511054 G501508123 G501503043 G501511048 G501506051 G501511051 G501502100 G501505068 G501506067 G501508118 G501508093 G501508108 G501509026 G501511056 G501508091 G501503046 G501508111 G501507071 G501511057 G501505067 G501508088 G501503052 G501505045 G501505050 G501409014 G501511050 G501508116 G501502055 G501507058 G501508096 G501507070 G501511060 G501508099 G501502078 G501506052 G501503067 G501508094 G501507055 G501507057 G501409006 G501411006 G501507061 G501511043 G501502061 G501502065 G501507063 G501507074 G501411001 G501411002 G501508134 G501508121 G501505037 G501507059 G501507077 G501506047 G501511045 G501511046 G501501040 G501508105 G501505043 G501506041 G501508103 G501508095 G501502060 G501507064 G501508133 G501501038 G501505052 G501507076 G501507054 G501507069 G501507072 G501501043 G501501052 G501502074 G501505047 G501505053 G501505054 G501502069 G501506042 G501507056 G501507065 G501502099 G501505042 G501507099 G501511049 G501508085 G501502053 G501502054 G501506048 G501509027 G501506068</measTypesUnique>
        <measValue measObjLdn="upfFunction=gsta" dnn="hnpeksd.ah.iot">
          <measResults>0.00 0.00 0.00 0.00 0.00 0.00 0.00 0.00 0.00 0.00 0.00 0.00 0.00 0.00 0.00 0.00 0.00 0.00 0.00 0.00 0.00 0.00 0.00 0.00 0.00 0.0 0.00 0.00 0.00 0.00 0.00 0.00 0.00 0.00 0.00 0.00 0.00 0.00 0.00 0.00 0.00 0.00 0.00 0.00 0.00 0.00 0.00 0.00 0.00 0.00 0.00 0.00 0.00 0.00 0.00 0.00 0.00 0.00 0.00 0.00 0.00 0.0 0.00 0.00 0.00 0.00 0.00 0.00 0.00 0.00 0.00 0.00 0.00 0.00 0.00 0.00 0.00 0.00 0.00 0.00 0.00 0.00 0.00 0.00 0.00 0.00 0.00 0.00 0.00 0.00 0.00 0.00 0.00 0.00 0.00 0.00 0.00 0.00 0.00 0.00 0.00 0.00 0.00 0.00 0.00 0.00 0.00 0.00 0.00 0.00 0.00 0.00 0.00 0.00 0.00 0.00 0.00 0.00 0.00 0.00 0.00 0.00 0.00 0.00 0.00 0.00 0.00 0.00 0.00 0.00 0.00 0.00 0.00 0.00 0.00 0.0 0.00 0.00 0.00 423.00 0.00 0.00 0.00 0.00 0.00 0.00 0.00 0.00 0.00 0.00 0.00 423.00 0.00 0.00 0.00 0.00 0.00 0.00 0.00 0.0 0.00 0.00 0.00 0.00 0.00 0.00 0.00 0.00 0.00 0.00 0.00 0.00 0.00 0.00 0.00 0.00 0.00 0.00 0.00 0.00 0.00 0.00 0.00 0.00 0.00 0.00 0.00 0.00 0.00 0.00 0.00 0.00 0.00 0.00 0.00 0.00 0.00 0.00 0.00 0.00 0.00 0.00 0.00 0.00 0.00 0.00 0.00 0.00 0.00 0.00 0.00 0.00 0.00 0.00 0.00 0.00 0.00 423.00 0.0</measResults>
        </measValue>
        <measValue measObjLdn="upfFunction=gsta">
          <measResults>0.0 0.0 0.0 0.0 0.0 0.0 0.0 0.0 0.0 0.0 0.0 0.0 0.0 0.0 0.0 0.0 0.0 0.0 0.0 0.0 0.0 0.0 0.0 0.0 0.0 0.00 0.0 0.0 0.0 0.0 0.0 0.0 0.0 0.0 0.0 0.0 0.0 0.0 0.0 0.0 0.0 0.0 0.0 0.0 0.0 0.0 0.0 0.0 0.0 0.0 0.0 0.0 0.0 0.0 0.0 0.0 0.0 0.0 0.0 0.0 0.0 0.00 0.0 0.0 0.0 0.0 0.0 0.0 0.0 0.0 0.0 0.0 0.0 0.0 0.0 0.0 0.0 0.0 0.0 0.0 0.0 0.0 0.0 0.0 0.0 0.0 0.0 0.0 0.0 0.0 0.0 0.0 0.0 0.0 0.0 0.0 0.0 0.0 0.0 0.0 0.0 0.0 0.0 0.0 0.0 0.0 0.0 0.0 0.0 0.0 0.0 0.0 0.0 0.0 0.0 0.0 0.0 0.0 0.0 0.0 0.0 0.0 0.0 0.0 0.0 0.0 0.0 0.0 0.0 0.0 0.0 0.0 0.0 0.0 0.0 0.00 0.0 0.0 0.0 0.0 0.0 0.0 0.0 0.0 0.0 0.0 0.0 0.0 0.0 0.0 0.0 0.0 0.0 0.0 0.0 0.0 0.0 0.0 0.0 0.00 0.0 0.0 0.0 0.0 0.0 0.0 0.0 0.0 0.0 0.0 0.0 0.0 0.0 0.0 0.0 0.0 0.0 0.0 0.0 0.0 0.0 0.0 0.0 0.0 0.0 0.0 0.0 0.0 0.0 0.0 0.0 0.0 0.0 0.0 0.0 0.0 0.0 0.0 0.0 0.0 0.0 0.0 0.0 0.0 0.0 0.0 0.0 0.0 0.0 0.0 0.0 0.0 0.0 0.0 0.0 0.0 0.0 0.0 0.00</measResults>
        </measValue>
      </measInfo>
      <measInfo measInfoId="S-NSSAI">
        <granPeriod duration="PT300S" endTime="2025-04-30T11:05:00+08:00"></granPeriod>
        <repPeriod duration="PT300S"></repPeriod>
        <measTypes>基于S-NSSAI的SGI接口接收的报文峰值包速率 基于S-NSSAI的用户平面峰值吞吐量 基于S-NSSAI的N4接口PFCP请求接受次数 基于S-NSSAI的N4接口PFCP-IPv4会话建立次数 基于S-NSSAI的N9接口丢弃报文千字节数 基于S-NSSAI的N3接口丢弃报文千字节数 基于S-NSSAI的N3接口接收ipv6报文千字节数 基于S-NSSAI的N6接口接收的IPv6报文峰值包速率 基于S-NSSAI的S5/S8接口接收的GTP报文峰值包速率 基于S-NSSAI的SGI接口发送的IPv6报文千字节数 基于S-NSSAI的SGI接口接收的IPv4报文峰值包速率 基于S-NSSAI的用户平面发送上行千字节数 基于S-NSSAI的SGI接口发送的报文包数 基于S-NSSAI的N4接口PFCP-IPv4会话释放次数 基于S-NSSAI的N3接口发送的GTP报文峰值包速率 基于S-NSSAI的用户平面接收下行峰值千字节速率 基于S-NSSAI的SGI接口接收的报文千字节数 基于S-NSSAI的N4接口PFCP未知原因的请求拒绝次数 基于S-NSSAI的S5/S8接口发送ipv6报文千字节数 基于S-NSSAI的N3接口发送的GTP报文峰值千字节速率 基于S-NSSAI的N9接口发送的GTP报文峰值包速率 基于S-NSSAI的SGI接口丢弃报文千字节数 基于S-NSSAI的N6接口发送的IPv6报文峰值包速率 基于S-NSSAI的N9接口发送ipv4报文包数 基于S-NSSAI的SGI接口接收的报文峰值千字节速率 基于S-NSSAI的用户平面QoS流数目 基于S-NSSAI的SGI接口报文接收千字节速率 基于S-NSSAI的N4接口接收的PFCP会话更新请求速率 基于S-NSSAI的S5/S8接口发送ipv4报文包数 基于S-NSSAI的N3接口报文接收千字节速率 基于S-NSSAI的S1-U接口发送ipv4报文包数 基于S-NSSAI的N9接口丢弃报文包总数 基于S-NSSAI的S1-U接口发送ipv4报文千字节数 基于S-NSSAI的S5/S8接口丢弃报文包总数 基于S-NSSAI的N3接口丢弃报文包总数 基于S-NSSAI的用户平面最大QoS流数目 基于S-NSSAI的用户平面平均吞吐量 基于S-NSSAI的用户平面发送上行峰值千字节速率 基于S-NSSAI的用户平面发送下行峰值千字节速率 基于S-NSSAI的N3接口接收ipv4报文包数 基于S-NSSAI的用户平面接收下行千字节数 基于S-NSSAI的N6接口报文发送千字节速率 基于S1-U接口报文接收千字节速率 基于S-NSSAI的N9接口发送ipv4报文千字节数 基于S-NSSAI的S5/S8接口发送的GTP报文包数 基于S-NSSAI的SGI接口接收的IPv6报文千字节数 基于S-NSSAI的SGI接口发送的IPv6报文峰值包速率 用户平面基于S-NSSAI的会话总在线时长 基于S-NSSAI的N4接口发送的PFCP会话更新响应成功消息数 基于S-NSSAI的N4接口PFCP-IPv6会话释放次数 基于S-NSSAI的S5S8接口报文接收千字节速率 基于S-NSSAI的N4接口PFCP-UP特性不支持次数 基于S-NSSAI的ipv4平均会话数目 基于S-NSSAI的用户平面发送下行峰值包速率 基于S-NSSAI的N6接口发送的报文峰值千字节速率 基于S-NSSAI的SGI接口发送的IPv4报文包数 基于S-NSSAI的N9接口接收ipv6报文包数 基于S-NSSAI的S1-U接口发送的GTP报文千字节数 基于S-NSSAI的N4接口发送的PFCP会话释放响应消息数 基于S-NSSAI的N6接口发送的IPv6报文千字节数 基于S-NSSAI的N6接口发送的IPv4报文千字节数 基于S-NSSAI的S5/S8接口发送ipv6报文包数 基于S-NSSAI的N3接口接收ipv4报文千字节数 基于S-NSSAI的N9接口发送ipv6报文包数 基于S-NSSAI的SGI接口发送的报文峰值千字节速率 基于S-NSSAI的SGI接口接收的IPv6报文包数 基于S-NSSAI的N3接口发送的GTP报文包数 基于S-NSSAI的N3接口接收ipv6报文包数 基于S-NSSAI的N4接口PFCP下行寻呼上报次数 基于S-NSSAI的N6接口接收的IPv4报文包数 基于S-NSSAI的N6接口接收的IPv4报文峰值包速率 基于S-NSSAI的S5/S8接口发送的GTP报文峰值包速率 基于S-NSSAI的N9接口发送的GTP报文峰值千字节速率 基于S-NSSAI的N6接口发送的报文包数 基于S-NSSAI的N6接口丢弃报文包总数 基于S-NSSAI的N9接口接收ipv6报文千字节数 基于S-NSSAI的PDU-Session建立成功率 基于S-NSSAI的N9接口报文发送千字节速率 基于S-NSSAI的N9接口报文接收千字节速率 基于S-NSSAI的SGI接口接收的IPv6报文峰值千字节速率 基于S-NSSAI的N9接口接收的GTP报文千字节数 基于S-NSSAI的N9接口接收的GTP报文峰值千字节速率 基于S-NSSAI的S5/S8接口接收的GTP报文包数 基于S-NSSAI的N4接口发送的PFCP会话释放成功率 基于S-NSSAI的N4接口PFCP条件IE缺失次数 基于S-NSSAI的N9接口接收ipv4报文千字节数 基于S-NSSAI的S5/S8接口接收ipv6报文包数 基于S-NSSAI的SGI接口接收的IPv4报文千字节数 基于S-NSSAI的PDU-Session修改成功率 基于S-NSSAI的用户平面发送上行峰值包速率 基于S-NSSAI的用户平面丢弃报文千字节数 基于S-NSSAI的N4接口PFCP-ErrInd上报次数 基于S-NSSAI的N3接口发送的GTP报文千字节数 基于S-NSSAI的N4接口发送的重发PFCP会话报告消息数 基于S-NSSAI的N4接口PFCP必选IE错误次数 基于S-NSSAI的SGI接口发送的IPv4报文千字节数 基于S-NSSAI的N3接口发送ipv4报文包数 基于S-NSSAI的S5/S8接口接收的GTP报文千字节数 基于S-NSSAI的S5/S8接口发送的GTP报文峰值千字节速率 基于S-NSSAI的SGI接口发送的IPv6报文峰值千字节速率 基于S-NSSAI的S1-U接口发送ipv6报文包数 基于S-NSSAI的N6接口发送的IPv4报文峰值千字节速率 基于S-NSSAI的S5/S8接口发送的GTP报文千字节数 基于S-NSSAI的SGI接口接收的IPv4报文峰值千字节速率 基于S-NSSAI的S1-U接口接收ipv4报文千字节数 基于S-NSSAI的S1-U接口发送的GTP报文包数 用户平面基于S-NSSAI在线会话数目 基于S-NSSAI的N9接口发送的GTP报文包数 基于S-NSSAI的S5/S8接口接收的GTP报文峰值千字节速率 基于S-NSSAI的N4接口PFCP-会话消息系统失败次数 基于S-NSSAI的N4接口接收的PFCP会话更新请求消息数 基于S-NSSAI的N6接口丢弃报文千字节数 基于S-NSSAI的S1-U接口丢弃报文千字节数 基于S-NSSAI的N6接口接收的IPv6报文千字节数 基于S-NSSAI的N9接口接收ipv4报文包数 基于S-NSSAI的用户平面接收上行千字节数 基于S-NSSAI的N4接口发送的PFCP会话建立响应成功消息数 基于S-NSSAI的N4接口接收的PFCP会话释放请求速率 基于S-NSSAI的N4接口PFCP消息拥塞次数 基于S-NSSAI的N6接口接收的IPv6报文包数 基于S-NSSAI的S1-U接口接收的GTP报文峰值包速率 基于S-NSSAI的S1-U接口发送的GTP报文峰值包速率 基于S-NSSAI的N4接口PFCP无效的转发策略次数 基于S-NSSAI的N4接口PFCP-IPv6会话建立次数 基于S-NSSAI的S5/S8接口丢弃报文千字节数 基于S-NSSAI的用户平面接收上行峰值包速率 基于S-NSSAI的N4接口发送的PFCP会话更新成功率 基于S-NSSAI的N4接口PFCP上下文资源耗尽次数 基于S-NSSAI的N9接口接收的GTP报文峰值包速率 基于S-NSSAI的S1-U接口丢弃报文包总数 基于S-NSSAI的用户平面最大QoS流数目 基于S-NSSAI的SGI接口报文发送千字节速率 基于S-NSSAI的N4接口PFCP规则创建/修改失败次数 基于S-NSSAI的SGI接口发送的报文峰值包速率 基于S-NSSAI的用户平面接收下行包数 基于S-NSSAI的N4接口发送的PFCP会话建立成功率 基于S-NSSAI的N6接口接收的报文包数 基于S-NSSAI的SGI接口发送的报文千字节数 基于S1-U接口报文发送千字节速率 基于S-NSSAI的N3接口接收的GTP报文峰值包速率 基于S-NSSAI的S1-U接口接收的GTP报文峰值千字节速率 基于S-NSSAI的S5/S8接口接收ipv6报文千字节数 基于S-NSSAI的N6接口接收的IPv4报文峰值千字节速率 基于S-NSSAI的N9接口发送ipv6报文千字节数 基于S-NSSAI的S1-U接口发送ipv6报文千字节数 基于S-NSSAI的SGI接口发送的IPv4报文峰值千字节速率 基于S-NSSAI的N3接口报文发送千字节速率 基于S-NSSAI的N6接口发送的IPv4报文峰值包速率 基于S-NSSAI的S1-U接口接收ipv6报文千字节数 基于S-NSSAI的SGI接口接收的IPv6报文峰值包速率 基于S-NSSAI的N6接口发送的IPv6报文峰值千字节速率 基于S-NSSAI的N4接口PFCP无效IE长度次数 基于S-NSSAI的N6接口接收的报文千字节数 基于S-NSSAI的N6接口接收的IPv6报文峰值千字节速率 基于S-NSSAI的ipv6平均会话数目 基于S-NSSAI的N4接口接收的PFCP会话释放请求消息数 基于S-NSSAI的N4接口发送的PFCP会话报告消息数 基于S-NSSAI的N4接口接收的PFCP会话报告失败确认消息数 基于S-NSSAI的N4接口PFCP必选IE缺失次数 基于S-NSSAI的N6接口报文接收千字节速率 基于S-NSSAI的N4接口接收的PFCP会话报告成功确认消息数 用户平面基于S-NSSAI的平均会话数目 基于S-NSSAI的N4接口发送的PFCP会话释放响应成功消息数 基于S-NSSAI的N4接口发送的PFCP会话释放响应失败消息数 基于S-NSSAI的SGI接口接收的IPv4报文包数 基于S-NSSAI的N3接口发送ipv6报文包数 基于S-NSSAI的N9接口发送的GTP报文千字节数 基于S-NSSAI的SGI接口发送的IPv4报文峰值包速率 基于S-NSSAI的SGI接口丢弃报文包总数 基于S-NSSAI的用户平面接收上行峰值千字节速率 基于S-NSSAI的用户平面发送下行千字节数 基于S-NSSAI的N3接口发送ipv4报文千字节数 基于S-NSSAI的N3接口接收的GTP报文峰值千字节速率 基于S-NSSAI的N4接口PFCP会话上下文不存在次数 基于S-NSSAI的用户平面接收上行包数 基于S-NSSAI的S1-U接口接收的GTP报文千字节数 基于S-NSSAI的S5/S8接口发送ipv4报文千字节数 基于S-NSSAI的N4接口发送的PFCP会话更新响应失败消息数 基于S-NSSAI的N4接口PFCP用量上报次数 基于S-NSSAI的N3接口发送ipv6报文千字节数 基于S-NSSAI的用户平面发送上行包数 基于S-NSSAI的SGI接口发送的IPv6报文包数 基于S-NSSAI的N6接口接收的IPv4报文千字节数 基于S-NSSAI的S1-U接口接收的GTP报文包数 基于S-NSSAI的S5/S8接口接收ipv4报文千字节数 基于S-NSSAI的N3接口接收的GTP报文包数 基于S-NSSAI的N4接口发送的PFCP会话建立响应失败消息数 基于S-NSSAI的N4接口接收的PFCP会话报告确认消息数 基于S-NSSAI的N6接口发送的IPv4报文包数 基于S-NSSAI的S1-U接口接收ipv6报文包数 基于S-NSSAI的用户平面发送下行包数 基于S-NSSAI的SGI接口接收的报文包数 基于S-NSSAI的S5/S8接口接收ipv4报文包数 基于S-NSSAI的N6接口发送的IPv6报文包数 基于S-NSSAI的N9接口接收的GTP报文包数 基于S-NSSAI的S1-U接口接收ipv4报文包数 基于S-NSSAI的N4接口等待PFCP会话报告响应超时的次数 基于S-NSSAI的N4接口接收的PFCP会话建立请求消息数 基于S-NSSAI的N6接口接收的报文峰值千字节速率 基于S-NSSAI的N4接口PFCP无效的F-TEID分配规则次数 基于S-NSSAI的用户平面丢弃报文包总数 基于S-NSSAI的S5S8接口报文发送千字节速率 基于S-NSSAI的N6接口发送的报文峰值包速率 基于S-NSSAI的N4接口接收的PFCP会话建立请求速率 基于S-NSSAI的N6接口发送的报文千字节数 基于S-NSSAI的N6接口接收的报文峰值包速率 基于S-NSSAI的S1-U接口发送的GTP报文峰值千字节速率 用户平面基于S-NSSAI的最大的会话数目 基于S-NSSAI的N3接口接收的GTP报文千字节数 基于S-NSSAI的用户平面接收下行峰值包速率</measTypes>
        <measTypesUnique>G501507031 G501511024 G501508065 G501508079 G501503036 G501501036 G501501024 G501502039 G501506031 G501507038 G501507047 G501511032 G501507029 G501508080 G501501033 G501511037 G501507028 G501508066 G501506026 G501501034 G501503033 G501507052 G501502041 G501503021 G501507032 G501409015 G501507098 G501508058 G501506021 G501501066 G501505021 G501503035 G501505022 G501506035 G501501035 G501509020 G501511023 G501511035 G501511039 G501501019 G501511030 G501502097 G501505066 G501503022 G501506029 G501507036 G501507041 G501509013 G501508046 G501508082 G501506066 G501508077 G501509015 G501511040 G501502034 G501507045 G501503023 G501505030 G501508049 G501502038 G501502046 G501506025 G501501020 G501503025 G501507034 G501507035 G501501029 G501501023 G501508062 G501502043 G501502047 G501506033 G501503034 G501502029 G501502051 G501503024 G501509017 G501503065 G501503066 G501507040 G501503028 G501503032 G501506027 G501508132 G501508069 G501503020 G501506023 G501507044 G501509018 G501511036 G501511042 G501508064 G501501030 G501508059 G501508071 G501507046 G501501021 G501506028 G501506034 G501507042 G501505025 G501502050 G501506030 G501507048 G501505020 G501505029 G501509014 G501503029 G501506032 G501508078 G501508045 G501502052 G501505036 G501502036 G501503019 G501511026 G501508043 G501508057 G501508075 G501502035 G501505031 G501505033 G501508072 G501508081 G501506036 G501511034 G501508131 G501508076 G501503031 G501505035 G501509019 G501507097 G501508074 G501507033 G501511029 G501508130 G501502027 G501507030 G501505065 G501501031 G501505032 G501506024 G501502048 G501503026 G501505026 G501507050 G501501065 G501502049 G501505024 G501507039 G501502042 G501508070 G501502028 G501502040 G501509016 G501508048 G501508050 G501508055 G501508068 G501502098 G501508054 G501509012 G501508052 G501508053 G501507043 G501501025 G501503030 G501507049 G501507051 G501511033 G501511028 G501501022 G501501032 G501508067 G501511025 G501505028 G501506022 G501508047 G501508063 G501501026 G501511031 G501507037 G501502044 G501505027 G501506020 G501501027 G501508044 G501508051 G501502045 G501505023 G501511027 G501507027 G501506019 G501502037 G501503027 G501505019 G501508060 G501508042 G501502032 G501508073 G501511041 G501506065 G501502033 G501508056 G501502030 G501502031 G501505034 G501509011 G501501028 G501511038</measTypesUnique>
        <measValue measObjLdn="upfFunction=gsta" s-nssai="1-040000">
          <measResults>0.00 0.00 0.00 0.00 0.00 0.00 0.00 0.00 0.00 0.00 0.00 0.00 0.00 0.00 0.00 0.00 0.00 0.00 0.00 0.00 0.00 0.00 0.00 0.00 0.00 0.00 0.00 0.00 0.00 0.00 0.00 0.00 0.00 0.00 0.00 440.00 0.00 0.00 0.00 0.00 0.00 0.00 0.00 0.00 0.00 0.00 0.00 0.00 0.00 0.00 0.00 0.00 0.00 0.00 0.00 0.00 0.00 0.00 0.00 0.00 0.00 0.00 0.00 0.00 0.00 0.00 0.00 0.00 0.00 0.00 0.00 0.00 0.00 0.00 0.00 0.00 0.00 0.00 0.00 0.00 0.00 0.00 0.00 0.00 0.00 0.00 0.00 0.00 0.00 0.00 0.00 0.00 0.00 0.00 0.00 0.00 0.00 0.00 0.00 0.00 0.00 0.00 0.00 0.00 0.00 0.00 0.00 0.00 0.00 0.00 0.00 0.00 0.00 0.00 0.00 0.00 0.00 0.00 0.00 0.00 0.00 0.00 0.00 0.00 0.00 0.00 0.00 0.00 0.00 0.00 440.00 0.00 0.00 0.00 0.00 0.00 0.00 0.00 0.00 0.00 0.00 0.00 0.00 0.00 0.00 0.00 0.00 0.00 0.00 0.00 0.00 0.00 0.00 0.00 0.00 0.00 0.00 0.00 0.00 0.00 0.00 0.00 0.00 0.00 0.00 0.00 0.00 0.00 0.00 0.00 0.00 0.00 0.00 0.00 0.00 0.00 0.00 0.00 0.00 0.00 0.00 0.00 0.00 0.00 0.00 0.00 0.00 0.00 0.00 0.00 0.00 0.00 0.00 0.00 0.00 0.00 0.00 0.00 0.00 0.00 0.00 0.00 0.00 0.00 0.00 0.00 0.00 0.00 0.00 0.00</measResults>
        </measValue>
        <measValue measObjLdn="upfFunction=gsta" s-nssai="1-080000">
          <measResults>0.00 0.00 0.00 0.00 0.00 0.00 0.00 0.00 0.00 0.00 0.00 0.00 0.00 0.00 0.00 0.00 0.00 0.00 0.00 0.00 0.00 0.00 0.00 0.00 0.00 0.00 0.00 0.00 0.00 0.00 0.00 0.00 0.00 0.00 0.00 0.00 0.00 0.00 0.00 0.00 0.00 0.00 0.00 0.00 0.00 0.00 0.00 0.00 0.00 0.00 0.00 0.00 0.00 0.00 0.00 0.00 0.00 0.00 0.00 0.00 0.00 0.00 0.00 0.00 0.00 0.00 0.00 0.00 0.00 0.00 0.00 0.00 0.00 0.00 0.00 0.00 0.00 0.00 0.00 0.00 0.00 0.00 0.00 0.00 0.00 0.00 0.00 0.00 0.00 0.00 0.00 0.00 0.00 0.00 0.00 0.00 0.00 0.00 0.00 0.00 0.00 0.00 0.00 0.00 0.00 0.00 0.00 0.00 0.00 0.00 0.00 0.00 0.00 0.00 0.00 0.00 0.00 0.00 0.00 0.00 0.00 0.00 0.00 0.00 0.00 0.00 0.00 0.00 0.00 0.00 0.00 0.00 0.00 0.00 0.00 0.00 0.00 0.00 0.00 0.00 0.00 0.00 0.00 0.00 0.00 0.00 0.00 0.00 0.00 0.00 0.00 0.00 0.00 0.00 0.00 0.00 0.00 0.00 0.00 0.00 0.00 0.00 0.00 0.00 0.00 0.00 0.00 0.00 0.00 0.00 0.00 0.00 0.00 0.00 0.00 0.00 0.00 0.00 0.00 0.00 0.00 0.00 0.00 0.00 0.00 0.00 0.00 0.00 0.00 0.00 0.00 0.00 0.00 0.00 0.00 0.00 0.00 0.00 0.00 0.00 0.00 0.00 0.00 0.00 0.00 0.00 0.00 0.00 0.00 0.00</measResults>
        </measValue>
      </measInfo>
      <measInfo measInfoId="NE">
        <granPeriod duration="PT300S" endTime="2025-04-30T11:05:00+08:00"></granPeriod>
        <repPeriod duration="PT300S"></repPeriod>
        <measTypes>N3接口发送5GLAN报文千字节速率 整机速率 N3接口丢弃报文千字节数 N4接口PFCP-IPv4会话建立次数 DN口接收的GRE报文峰值包速率 S1-U接口发送ipv4报文千字节数 N4接口发送的PFCP会话建立成功率 用户平面发送上行峰值包速率 用户面上行转发成功率 N4接口接收的PFCP会话报告失败确认消息数 N4接口PFCP-UP特性不支持次数 N6接口发送的报文包数 S1-U接口丢弃报文包总数 SGI接口发送的IPv6报文峰值包速率 N4接口发送的PFCP偶联报告消息数 N4接口发送的PFCP偶联更新失败响应消息数 N4接口PFCP-ErrInd上报次数 用户平面发送上行峰值千字节速率 用户平面发送下行千字节数 用户平面接收上行峰值千字节速率 用户平面发送下行峰值千字节速率 N4接口当前PFCP路径数 N4接口PFCP路径检测失败上报次数 N6接口发送的报文峰值千字节速率 互转口接收的GRE报文峰值千字节速率 互转口发送的GRE报文峰值包速率 N4接口接收的PFCP会话更新请求速率 N4接口PFCP无效的转发策略次数 N6接口接收的报文包数 N6接口丢弃报文千字节数 用户平面最大的会话数目 N4接口发送的PFCP偶联更新成功响应消息数 N19接口发送5GLAN报文千字节速率 N4接口接收的PFCP偶联报告确认消息数 N4接口PFCP-IPv4会话释放次数 N6接口发送的IPv6报文峰值包速率 互转口接收的GRE报文千字节数 S1-U接口接收的GTP报文峰值包速率 N4接口UPF发起的PFCP偶联建立成功率 用户平面当前在线5GLAN会话数 N3接口发送的GTP报文峰值千字节速率 N4接口PFCP无效的F-TEID分配规则次数 N9接口发送ipv6报文包数 S1-U接口发送ipv6报文千字节数 SGI接口接收的报文峰值千字节速率 N3接口接收ipv4报文千字节数 N6接口接收的IPv4报文包数 N6接口发送5GLAN报文千字节速率 S1-U接口发送ipv4报文包数 SGI接口发送的IPv4报文千字节数 N3接口报文发送千字节速率 N3接口发送5GLAN报文包数 N3接口接收5GLAN报文千字节速率 整机发送速率 N4接口发送的PFCP偶联更新请求消息数 N4接口接收的PFCP心跳响应消息数 用户平面整机峰值吞吐量 N4接口接收的PFCP偶联释放成功响应消息数 N6接口接收5GLAN报文千字节峰值速率 N9接口接收ipv4报文千字节数 N9接口发送ipv4报文千字节数 用户平面丢弃报文包总数 N6接口报文发送千字节速率 用户平面5GLAN会话激活成功响应数 N4接口发送的重发PFCP会话报告消息数 互转口丢弃GRE报文千字节数 DN口丢弃GRE报文千字节数 N3接口发送ipv6报文包数 N3接口接收的GTP报文包数 N4接口PFCP路径中断次数 N4接口发送的PFCP会话更新响应成功消息数 N4接口发送的PFCP会话释放响应成功消息数 S1-U接口接收的GTP报文峰值千字节速率 PDU-Session修改成功率 用户平面接收下行千字节数 N4接口接收的PFCP偶联更新成功响应消息数 S5S8接口报文接收千字节速率 N4接口接收的PFCP偶联报告确认失败响应消息数 N4接口PFCP条件IE缺失次数 N6接口发送的IPv6报文峰值千字节速率 S5/S8接口发送ipv6报文包数 N4接口UPF发起的PFCP偶联更新成功率 PDU-Session建立成功率 S5S8接口报文发送千字节速率 N3接口接收ipv4报文包数 N4接口PFCP上下文资源耗尽次数 DN口接收的GRE报文峰值千字节速率 S1-U接口发送的GTP报文千字节数 S1-U接口发送的GTP报文峰值千字节速率 N6接口接收的IPv6报文包数 用户平面丢弃报文千字节数 cpu风扇转速(转/分钟) N19接口发送5GLAN报文千字节数 N4接口等待PFCP会话报告响应超时的次数 互转口发送的GRE报文包数 S1-U接口接收ipv6报文包数 S5/S8接口接收ipv6报文千字节数 N19接口接收5GLAN报文包数 互转口接收的GRE报文包数 SGI接口接收的报文峰值包速率 用户平面5GLAN会话激活请求数 N4接口PFCP超负荷信息上报次数 N4接口接收的PFCP会话建立请求速率 N6接口发送的IPv6报文千字节数 N6接口发送的IPv4报文千字节数 SGI接口接收的报文包数 SGI接口接收的IPv4报文峰值千字节速率 N4接口SMF发起的PFCP偶联建立成功率 N3接口丢弃报文包总数 N4接口接收的PFCP偶联建立请求消息数 DN口发送的GRE报文包数 S5/S8接口接收的GTP报文包数 S5/S8接口接收的GTP报文千字节数 整机接收速率 N4接口PFCP未知原因的请求拒绝次数 N4接口PFCP-IPv6会话建立次数 N9接口发送ipv6报文千字节数 S5/S8接口发送ipv4报文包数 SGI接口发送的报文包数 SGI接口丢弃报文包总数 N4接口发送的PFCP偶联建立请求消息数 N4接口PFCP用量上报次数 N4接口PFCP必选IE缺失次数 N9接口接收ipv6报文包数 N9接口发送的GTP报文千字节数 S1-U接口发送ipv6报文包数 N4接口接收的PFCP偶联更新失败响应消息数 N4接口PFCP必选IE错误次数 N6接口接收5GLAN报文千字节数 N4接口PFCP偶联未建立次数 S5/S8接口接收的GTP报文峰值千字节速率 SGI接口发送的报文峰值包速率 SGI接口接收的IPv4报文峰值包速率 S5/S8接口发送的GTP报文峰值包速率 用户平面接收下行峰值包速率 N19接口发送5GLAN报文千字节峰值速率 N4接口PFCP会话上下文不存在次数 N9接口丢弃报文包总数 N4接口SMF发起的PFCP偶联更新成功率 N3接口发送ipv4报文千字节数 N4接口发送的PFCP偶联释放失败响应消息数 N4接口发送的PFCP会话报告消息数 S1-U接口报文接收千字节速率 N4接口PFCP-IPv6会话释放次数 S5/S8接口接收ipv4报文千字节数 N6接口接收5GLAN报文包数 用户平面最大的5GLAN会话数 S5/S8接口发送ipv4报文千字节数 用户平面UPF当前在线QoS流数目 SGI接口报文接收千字节速率 用户平面5GLAN会话激活成功率 N6接口接收5GLAN报文千字节速率 N3接口接收ipv6报文千字节数 互转口接收的GRE报文峰值包速率 会话平均使用率 会话峰值使用率 用户面下行转发成功率 SGI接口丢弃报文千字节数 N4接口PFCP请求接受次数 DN口发送的GRE报文千字节数 DN口丢弃GRE报文包总数 SGI接口发送的报文峰值千字节速率 SGI接口发送的IPv4报文峰值包速率 N6接口发送的报文峰值包速率 N9接口发送ipv4报文包数 SGI接口接收的IPv6报文峰值包速率 ipv4平均会话数目 ipv6平均会话数目 N9接口接收的GTP报文峰值千字节速率 SGI接口接收的IPv6报文包数 N3接口接收的GTP报文千字节数 DN口发送的GRE报文峰值包速率 cpu使用率 N4接口发送的PFCP会话释放成功率 N4接口发送的PFCP偶联建立成功响应消息数 N4接口接收的PFCP偶联更新响应消息数 SGI接口发送的IPv4报文包数 N6接口发送5GLAN报文千字节峰值速率 N9接口报文发送千字节速率 N4接口接收的PFCP偶联释放请求消息数 N4接口PFCP消息拥塞次数 N6接口接收的报文千字节数 S1-U接口发送的GTP报文峰值包速率 N19接口发送5GLAN报文包数 N3接口发送的GTP报文包数 N4接口PFCP下行寻呼上报次数 N6接口发送的IPv4报文峰值千字节速率 用户平面接收下行包数 DN口接收的GRE报文千字节数 N4接口发送的PFCP偶联释放响应消息数 N9接口接收ipv4报文包数 S1-U接口接收的GTP报文包数 N3接口接收5GLAN报文千字节数 N3接口发送5GLAN报文千字节数 N4接口发送的PFCP心跳响应消息数 S1-U接口接收ipv4报文包数 S5/S8接口发送的GTP报文包数 磁盘读速率平均值 用户平面接收上行千字节数 用户平面发送上行千字节数 N4接口发送的PFCP偶联释放成功响应消息数 N4接口接收的PFCP心跳请求消息数 N4接口发送的PFCP会话释放响应消息数 N4接口PFCP-会话消息系统失败次数 N9接口接收的GTP报文峰值包速率 互转口丢弃GRE报文包总数 SGI接口接收的报文千字节数 磁盘写IOPS N3接口接收ipv6报文包数 N4接口发送的PFCP偶联更新响应消息数 N4接口PFCP无效IE长度次数 N6接口丢弃报文包总数 S1-U接口接收ipv4报文千字节数 N6接口接收的IPv4报文千字节数 N4接口接收的PFCP偶联建立失败响应消息数 N19接口接收5GLAN报文千字节峰值速率 N6接口发送的报文千字节数 N6接口发送的IPv6报文包数 S5/S8接口发送ipv6报文千字节数 license限制最大会话数量 N3接口接收5GLAN报文包数 N3接口接收的GTP报文峰值千字节速率 S5/S8接口接收ipv4报文包数 磁盘写速率平均值 磁盘读IOPS 用户平面发送上行包数 N3接口接收5GLAN报文千字节峰值速率 N19接口接收5GLAN报文千字节数 N4接口发送的PFCP会话释放响应失败消息数 N9接口发送的GTP报文包数 N9接口发送的GTP报文峰值包速率 S5/S8接口发送的GTP报文千字节数 SGI接口发送的报文千字节数 S1-U接口丢弃报文千字节数 N9接口报文接收千字节速率 整机收发速率 N6接口接收的IPv4报文峰值包速率 N6接口发送的IPv4报文峰值包速率 N9接口接收的GTP报文千字节数 N9接口丢弃报文千字节数 DN口接收的GRE报文包数 N4接口发送的PFCP偶联建立失败响应消息数 N4接口UPF发起的PFCP偶联释放成功率 N6接口报文接收千字节速率 用户平面接收上行包数 N19接口接收5GLAN报文千字节速率 N4接口PFCP规则创建/修改失败次数 N6接口接收的报文峰值包速率 N6接口接收的IPv6报文千字节数 N6接口接收的IPv6报文峰值包速率 用户平面UPF最大QoS流数目 互转口发送的GRE报文峰值千字节速率 N4接口发送的PFCP会话更新成功率 N3接口报文接收千字节速率 N6接口发送5GLAN报文千字节数 N4接口发送的PFCP会话建立响应失败消息数 N4接口接收的PFCP会话释放请求速率 SGI接口发送的IPv6报文峰值千字节速率 用户平面UPF平均QoS流数目 用户平面整机平均吞吐量 N4接口发送的PFCP偶联建立响应消息数 用户平面的会话总在线时长 license限制最大带宽 N3接口发送5GLAN报文千字节峰值速率 S1-U接口接收的GTP报文千字节数 SGI接口发送的IPv6报文千字节数 cpu温度 用户平面在线会话数目 SGI接口报文发送千字节速率 用户平面平均的5GLAN会话数 N3接口发送ipv6报文千字节数 N4接口接收的PFCP偶联更新请求消息数 N6接口发送的IPv4报文包数 N9接口接收ipv6报文千字节数 N9接口发送的GTP报文峰值千字节速率 N4接口接收的PFCP会话报告成功确认消息数 互转口发送的GRE报文千字节数 SGI接口发送的IPv6报文包数 N6接口接收的IPv6报文峰值千字节速率 SGI接口接收的IPv4报文包数 N4接口接收的PFCP偶联建立成功响应消息数 N6接口发送5GLAN报文包数 N4接口发送的PFCP会话更新响应失败消息数 N6接口接收的报文峰值千字节速率 S5/S8接口接收ipv6报文包数 用户平面当前在线IPv6会话数目 用户平面接收下行峰值千字节速率 N9接口接收的GTP报文包数 S5/S8接口丢弃报文千字节数 用户平面发送下行峰值包速率 N3接口发送的GTP报文峰值包速率 N4接口PFCP负荷信息上报次数 N4接口接收的PFCP会话释放请求消息数 DN口发送的GRE报文峰值千字节速率 S5/S8接口发送的GTP报文峰值千字节速率 SGI接口接收的IPv4报文千字节数 用户平面平均会话数目 用户平面发送下行包数 N3接口接收的GTP报文峰值包速率 N4接口发送的PFCP心跳请求消息数 N4接口接收的PFCP会话建立请求消息数 S5/S8接口丢弃报文包总数 SGI接口接收的IPv6报文千字节数 内存使用率 SGI接口发送的IPv4报文峰值千字节速率 N3接口发送的GTP报文千字节数 N4接口发送的PFCP会话建立响应成功消息数 SGI接口接收的IPv6报文峰值千字节速率 用户平面接收上行峰值包速率 S1-U接口报文发送千字节速率 N3接口发送ipv4报文包数 N4接口接收的PFCP会话报告确认消息数 N6接口接收的IPv4报文峰值千字节速率 S1-U接口接收ipv6报文千字节数 N4接口接收的PFCP会话更新请求消息数 S1-U接口发送的GTP报文包数 S5/S8接口接收的GTP报文峰值包速率</measTypes>
        <measTypesUnique>G501413014 G501510022 G501501018 G501508038 G501504005 G501505004 G501508127 G501511014 G501511020 G501508014 G501508036 G501502003 G501505017 G501507015 G501408007 G501408013 G501508023 G501511013 G501511006 G501511011 G501511017 G501408016 G501408022 G501502008 G501504002 G501504003 G501508017 G501508031 G501502001 G501502026 G501509001 G501508145 G501413022 G501408008 G501508039 G501502015 G501404002 G501505013 G501508136 G501412001 G501501016 G501508032 G501503007 G501505008 G501507006 G501501002 G501502017 G501413018 G501505003 G501507020 G501501063 G501413003 G501413013 G501410003 G501408009 G501408021 G501511002 G501508147 G501413019 G501503002 G501503004 G501511019 G501502095 G501412003 G501508018 G501404006 G501404012 G501501007 G501501009 G501408017 G501508005 G501508011 G501505014 G501509008 G501511008 G501508146 G501506064 G501408015 G501508028 G501502016 G501506007 G501508137 G501509007 G501506063 G501501001 G501508035 G501504006 G501505012 G501505016 G501502009 G501511022 G501510003 G501413012 G501508019 G501404003 G501505005 G501506006 G501413009 G501404001 G501507005 G501412002 G501408024 G501508015 G501502012 G501502020 G501507001 G501507022 G501508139 G501501017 G501408001 G501404009 G501506009 G501506010 G501410004 G501508025 G501508040 G501503008 G501506003 G501507003 G501507025 G501408064 G501508022 G501508027 G501503005 G501503012 G501505007 G501408011 G501508030 G501413006 G501408025 G501506014 G501507007 G501507021 G501506015 G501511016 G501413024 G501508026 G501503017 G501508140 G501501004 G501408014 G501508009 G501505064 G501508041 G501506002 G501413005 G501412004 G501506004 G501409002 G501507096 G501412006 G501413017 G501501006 G501504001 G501510005 G501510006 G501511021 G501507026 G501508024 G501404010 G501404011 G501507008 G501507023 G501502007 G501503003 G501507013 G501509005 G501509006 G501503014 G501507009 G501501010 G501504007 G501510001 G501508129 G501508143 G501408010 G501507019 G501413020 G501503063 G501408005 G501508034 G501502002 G501505015 G501413011 G501501011 G501508021 G501502024 G501511007 G501404008 G501408006 G501503001 G501505009 G501413002 G501413004 G501408019 G501505001 G501506011 G501510012 G501511004 G501511010 G501508142 G501408018 G501508008 G501508037 G501503013 G501404005 G501507002 G501510015 G501501005 G501408004 G501508029 G501502025 G501505002 G501502018 G501408066 G501413023 G501502004 G501502011 G501506008 G501410001 G501413001 G501501014 G501506001 G501510013 G501510014 G501511009 G501413015 G501413010 G501508012 G501503011 G501503015 G501506012 G501507004 G501505018 G501503064 G501510023 G501502021 G501502023 G501503010 G501503018 G501404007 G501408012 G501508138 G501502096 G501511003 G501413021 G501508033 G501502005 G501502010 G501502013 G501509009 G501504004 G501508128 G501501064 G501413008 G501508003 G501508016 G501507016 G501509010 G501511001 G501408002 G501509003 G501410002 G501413016 G501505010 G501507012 G501510002 G501509004 G501507095 G501412005 G501501008 G501408003 G501502019 G501503006 G501503016 G501508013 G501404004 G501507011 G501502014 G501507017 G501508144 G501413007 G501508006 G501502006 G501506005 G501409001 G501511015 G501503009 G501506018 G501511018 G501501015 G501408023 G501508007 G501504008 G501506016 G501507018 G501509002 G501511005 G501501013 G501408020 G501508001 G501506017 G501507010 G501510004 G501507024 G501501012 G501508002 G501507014 G501511012 G501505063 G501501003 G501508010 G501502022 G501505006 G501508004 G501505011 G501506013</measTypesUnique>
        <measValue measObjLdn="upfFunction=gsta">
          <measResults>0.00 0.00 0.00 0.00 0.00 0.00 0.00 0.00 0.00 0.00 0.00 0.00 0.00 0.00 0.00 0.00 0.00 0.00 0.00 0.00 0.00 5.00 0.00 0.00 0.00 0.00 0.00 0.00 0.00 0.00 0.00 0.00 0.00 0.00 0.00 0.00 0.00 0.00 0.00 0.00 0.00 0.00 0.00 0.00 0.00 0.00 0.00 0.00 0.00 0.00 0.00 0.00 0.00 0.00 0.00 19.00 0.00 0.00 0.00 0.00 0.00 0.00 0.00 0.00 0.00 0.00 0.00 0.00 0.00 0.00 0.00 0.00 0.00 0.00 0.00 0.00 0.00 0.00 0.00 0.00 0.00 0.00 0.00 0.00 0.00 0.00 0.00 0.00 0.00 0.00 0.00 13000.00 0.00 0.00 0.00 0.00 0.00 0.00 0.00 0.00 0.00 0.00 0.00 0.00 0.00 0.00 0.00 0.00 0.00 0.00 0.00 0.00 0.00 0.00 0.00 0.00 0.00 0.00 0.00 0.00 0.00 0.00 0.00 0.00 0.00 0.00 0.00 0.00 0.00 0.00 0.00 0.00 0.00 0.00 0.00 0.00 0.00 0.00 0.00 0.00 0.00 0.00 0.00 0.00 0.00 0.00 0.00 0.00 423.00 0.00 0.00 0.00 0.00 0.00 0.00 0.00 0.00 0.00 0.00 0.00 0.00 0.00 0.00 0.00 0.00 0.00 0.00 0.00 0.00 0.00 0.00 0.00 15.98 0.00 0.00 0.00 0.00 0.00 0.00 0.00 0.00 0.00 0.00 0.00 0.00 0.00 0.00 0.00 0.00 0.00 0.00 0.00 0.00 0.00 20.00 0.00 0.00 0.00 0.00 0.00 0.00 20.00 0.00 0.00 0.00 0.00 0.00 14.00 0.00 0.00 0.00 0.00 0.00 0.00 0.00 0.00 0.00 0.00 0.00 20000.00 0.00 0.00 0.00 221184.00 0.00 0.00 0.00 0.00 0.00 0.00 0.00 0.00 0.00 0.00 0.00 0.00 0.00 0.00 0.00 0.00 0.00 0.00 0.00 0.00 0.00 0.00 0.00 0.00 0.00 0.00 0.00 0.00 0.00 0.00 0.00 0.00 0.00 0.00 0.00 0.00 0.00 0.00 10.00 0.00 0.00 0.00 65.28 0.00 0.00 0.00 0.00 0.00 0.00 0.00 0.00 0.00 0.00 0.00 0.00 0.00 0.00 0.00 0.00 0.00 0.00 0.00 0.00 0.00 0.00 0.00 0.00 0.00 0.00 0.00 0.00 0.00 0.00 0.00 0.00 19.00 0.00 0.00 0.00 43.10 0.00 0.00 0.00 0.00 0.00 0.00 0.00 0.00 0.00 0.00 0.00 0.00 0.00</measResults>
        </measValue>
      </measInfo>
      <measInfo measInfoId="NET">
        <granPeriod duration="PT300S" endTime="2025-04-30T11:05:00+08:00"></granPeriod>
        <repPeriod duration="PT300S"></repPeriod>
        <measTypes>网卡发送报文Bps(Bytes/s) 网卡接收报文数 网卡发送报文数 网卡接收报文字节数 网卡发送报文字节数 网卡接收报文Bps(Bytes/s)</measTypes>
        <measTypesUnique>G501510021 G501510016 G501510017 G501510018 G501510019 G501510020</measTypesUnique>
        <measValue measObjLdn="upfFunction=gsta" device="ens4f0">
          <measResults>0.00 47.00 47.00 3722.00 3722.00 0.00</measResults>
        </measValue>
        <measValue measObjLdn="upfFunction=gsta" device="lo">
          <measResults>53079.00 25339.00 25339.00 14763069.00 14763069.00 53079.00</measResults>
        </measValue>
        <measValue measObjLdn="upfFunction=gsta" device="VrfTable_1">
          <measResults>0.00 0.00 0.00 0.00 0.00 0.00</measResults>
        </measValue>
        <measValue measObjLdn="upfFunction=gsta" device="VrfTable_30001">
          <measResults>0.00 0.00 0.00 0.00 0.00 0.00</measResults>
        </measValue>
        <measValue measObjLdn="upfFunction=gsta" device="VrfTable_40001">
          <measResults>0.00 0.00 0.00 0.00 0.00 0.00</measResults>
        </measValue>
        <measValue measObjLdn="upfFunction=gsta" device="ens16f0">
          <measResults>6739.00 1879.00 14899.00 227210.00 2029192.00 713.00</measResults>
        </measValue>
        <measValue measObjLdn="upfFunction=gsta" device="ens16f2">
          <measResults>0.00 0.00 0.00 0.00 0.00 0.00</measResults>
        </measValue>
        <measValue measObjLdn="upfFunction=gsta" device="ens16f3">
          <measResults>0.00 0.00 0.00 0.00 0.00 0.00</measResults>
        </measValue>
        <measValue measObjLdn="upfFunction=gsta" device="VrfTable_6">
          <measResults>0.00 0.00 0.00 0.00 0.00 0.00</measResults>
        </measValue>
        <measValue measObjLdn="upfFunction=gsta" device="VrfTable_30002">
          <measResults>0.00 0.00 0.00 0.00 0.00 0.00</measResults>
        </measValue>
        <measValue measObjLdn="upfFunction=gsta" device="docker0">
          <measResults>0.00 0.00 0.00 0.00 0.00 0.00</measResults>
        </measValue>
        <measValue measObjLdn="upfFunction=gsta" device="ens16f1">
          <measResults>8974.00 2839.00 14279.00 632784.00 3585916.00 1408.00</measResults>
        </measValue>
        <measValue measObjLdn="upfFunction=gsta" device="fake">
          <measResults>0.00 0.00 0.00 0.00 0.00 0.00</measResults>
        </measValue>
      </measInfo>
      <measInfo measInfoId="DISK">
        <granPeriod duration="PT300S" endTime="2025-04-30T11:05:00+08:00"></granPeriod>
        <repPeriod duration="PT300S"></repPeriod>
        <measTypes>磁盘可用量(Bytes) 磁盘总量(Bytes) 磁盘可用率</measTypes>
        <measTypesUnique>G501510009 G501510010 G501510011</measTypesUnique>
        <measValue measObjLdn="upfFunction=gsta" device="/dev/sda2">
          <measResults>388943273984.00 470930243584.00 82.59</measResults>
        </measValue>
      </measInfo>
    </measData>
    <fileFooter>
      <measCollec endTime="2025-04-30T11:05:00+08:00"></measCollec>
    </fileFooter>
  </measCollecFile>